{"cameraMode":{"drawMode":0,"name":"Shaded","section":"Shading Mode"},"sceneLighting":true,"audioPlay":false,"sceneViewState":{"m_AlwaysRefresh":false,"showFog":true,"showSkybox":true,"showFlares":true,"showImageEffects":true,"showParticleSystems":true,"showVisualEffectGraphs":true,"m_FxEnabled":true},"in2DMode":false,"pivot":{"x":35.83608627319336,"y":-25.618793487548829,"z":-7.4822540283203129},"rotation":{"x":-0.22057297825813294,"y":-0.2286362200975418,"z":0.053268373012542728,"w":-0.9467272162437439},"size":48.39671325683594,"orthographic":false}